previous,entrance,dairy,drinks,fruit,spices,checkout
entrance,0.0,0.2851182197496523,0.1599443671766342,0.35952712100139084,0.19541029207232266,0.0
dairy,0.0,0.744206008583691,0.06237482117310444,0.05178826895565093,0.05293276108726753,0.08869814020028613
drinks,0.0,0.011235955056179775,0.6106497313141183,0.09086468001954079,0.07914020517830972,0.20810942843185148
fruit,0.0,0.08799374266718811,0.05162299569808369,0.6077434493547126,0.04771216269065311,0.20492764958936252
spices,0.0,0.19218241042345277,0.1767100977198697,0.09771986970684039,0.38925081433224756,0.14413680781758959
checkout,0.0,0.0,0.0,0.0,0.0,1.0
